romaji,kanji,meaning
hodo,程,extend degree measure limit about
icchi,一致,agreement union match
hakubutsukan,博物館,museum
sara,皿,plate dish
futai,舞台,stage theater
kifu,寄付,contribution donation
saru,猿,monkey
hyoudou,平等,equality impartiality evenness
kinzoku,金属,metal
sayuu,左右,left and right control influence
shounin,商人,merchant trader delear shopkeeper
kokkyou,国境,countrys borders
shuudan,集団,group mass
ne,根,root
kusari,鎖,chain chains
ichiban,一番,number one first place
toki,時(toki),time
moto,元,origin root
keikaku,計画,plan project scheme
shounen,少年,young boy boys
ressha,列車,train railway
kenkou,健康,health healthy fit
ningen,人間,human being person
kekka,結果,results outcome
rikai,理解,understanding comprehension
shoujo,少女,young girl girls
jijitsu,事実,fact truth reality
shokuji,食事,meal
jinsei,人生,human life
hahaoya,母親,mom mother
koudou,行動,action conduct behavior
chichioya,父親,dad father
taiyou,太陽,sun
koufuku,幸福,happiness
seifu,政府,government administration
keiken,経験,experience
sekinin,責任,responsbility duty
gaman,我慢,endurance patience perseverance
uwasa,噂,rumor report gossip
douro,道路,road highway
kikai,機械,machine mechanism
chikyuu,地球,earth the globe
himitsu,秘密,secret mystery
guuzen,偶然,coincidence chance accident accidentally
jouhou,情報,information news intelligence
genzai,現在,right now the present time
chuushoku,昼食,lunch midday meal
kitai,期待,expectation expectations anticipation hope
orashi,嵐,storm uproar
oka,丘,hill height knoll
undou,運動,exercise workout
daitouryou,大統領,president
enzetsu,演説,speech address
kami,神,god deity
dokusho,読書,reading
uma,馬,horse
shi,詩,poem
chishiki,知識,knowledge understanding
uso,嘘,lie fib falsehood
shuunyuu,収入,income receipts revenue
toshi,都市,town
shijin,詩人,poet
namida,涙,tears tear
en,円,yen
osake,お酒,alcohol sake
hakken,発見,discovery
yuuki,勇気,courage bravery valor
kanja,患者,patient
kaiketsu,解決,settlement solution resolution
gakusha,学者,scholar academic
sonzai,存在,existence being
gengo,言語,language
shinrai,信頼,reliance trust faith confidence
kaigai,海外,abroad foreign
sakka,作家,author writer novelist arist
heiwa,平和,peace harmony
kibou,希望,hope wish aspiration
chousa,調査,investigation examination inquiry
kikou,気候,climate
chiiki,地域,area region
ai,愛,love
jikken,実験,experiment
kokumin,国民,citizens citizen people
kenri,権利,right rights privilege
souon,騒音,noise din
gimu,義務,duty obligation responsbility
tsuri,釣り,fishing
mune,胸,chest
bukka,物価,price
kako,過去,past
rieki,利益,profit gains
shokubutsu,植物,plant vegetation
kyouju,教授,professor
hatsumei,発明,invention
koori,氷,ice
itami,痛み,pain ache soreness grief distress
sekiyu,石油,oil petroleum
shinpo,進歩,progress advance improvement development
monogatari,物語,story tale
kanjou,感情,emotion feeling feelings sentiment
shuu,週,week
yane,屋根,roof
kyoufu,恐怖,fear dread dismay terror
gichou,議長,chair chairman chairperson speaker
hiyou,費用,cost expense
hitei,否定,denial negation
shouhin,商品,product goods stock
shou,賞,prize award
sakuhin,作品,a piece of work
shiro,城,castle
ryuugaku,留学,studying abroad
kakaku,価格,price value cost
hanzai,犯罪,crime offense
kata,肩,shoulder
shougo,正午,noon midday
hyouka,評価,valuation appraisal assessment estimation
ishi,意志,will volition intention intent determination
kagu,家具,furniture
shokugyou,職業,occupation profession job vocation trade
gekijou,劇場,theater playhouse
shushou,首相,president
fuan,不安,aniexty worry
shizen,自然,nature
ishiki,意識,consciousness awareness
taiho,逮捕,arrest apprehension capture
bokuhatsu,爆発,explosion detonation eruption
ronbun,論文,essay thesis paper article
kiroku,記録,record minutes document
seiki,世紀,century era
zutsuu,頭痛,headache head ache
keiyaku,契約,contract agreement
seishin,精神,mind spirit will
ushi,牛,cow bull ox
dokuritsu,独立,independence self reliance
haiyuu,俳優,actor actress player performer
yuushou,優勝,overall victory championship
kioku,記憶,memory recollection
gaku,額,amount sum picture frame
shuu,州,state
kouhei,公平,fairness impartiality
seimei,生命,life existence
goutou,強盗,robber mugger
kiji,記事,article news story report account
meirei,命令,order command decree
yunyuu,輸入,import importation introduction
aizu,合図,sign signal cue
keisan,計算,calculation cost forecast
juu,銃,gun rifle small arms
ishi,医師,doctor physician
uchuu,宇宙,the universe space
kinen,禁煙,abstaining from smoking quitting
yuushou,友情,friendship fellowship
genjitsu,現実,reality
akushu,握手,handshake hand shake
kigyou,企業,enterprise business company corporation
houkou,方向,direction orientation bearing way
kougeki,攻撃,attack assualt raid onslaught
kaori,香り,aroma fragrance scent smell
kunren,訓練,training drill practice discipline
seibutsu,生物,living thing organism life
shuukyou,宗教,religion
yakuwari,役割,part parts role duties
geijutsu,芸術,art the arts
nagare,流れ,flow stream current
yakuwari,役割,part parts role duties
nami,波,wave
kojin,個人,personal individual private
shomei,署名,signature
koukoku,広告,advertisement advertising
muryou,無料,free gratuitous
ou,王,king
chuusha,駐車,parking
genkin,現金,cash money on hand
shoumei,証明,proof verification certification
houseki,宝石,gem jewel precious stone
wadai,話題,trending fashionable topic
hakase,博士,doctor dr
shibai,芝居,acting play drama
tou,塔,tower steeple
shuppan,出版,publication publishing
kyougi,競技,game match contest
touhyou,投票,voting poll
guntai,軍隊,armed forces troops
shinsatsu,診察,medical physical examination
rikon,離婚,divorce
shoutotsu,衝突,collision crash conflict quarrel
hanbai,販売,sale sales selling
kage,影,shadow silhouette figure shape
shinzou,心臓,heart guts nerve
otoshiyori,お年寄り,old person elderly
yushutsu,輸出,export exportation
heikin,平均,average mean
kata,型,model type style
eien,永遠,eternity perpetuity pemanence immortality
bouken,冒険,adventure
hyoujou,表情,facial expression look appearance
mirai,未来,future
hatake,畑,field vegetable plot
kaizen,改善,betterment improvement
i,胃,stomach
joou,女王,queen
tsuugaku,通学,commuting to school commute
tora,虎,tiger
seinen,青年,youth young man
moji,文字,character letter
tetsudou,鉄道,railroad railway rail
kaminari,雷,lightning thunder
kankyaku,観客,audience spectator spectator
shingou,信号,traffic light signal signalling
kago,かご,basket hamper cage
housou,放送,broadcast broadcasting
shuukaku,収穫,harvest crop gain results return
chuushin,中心,center middle core heart
fukuro,袋,counter for bags
setsuyaku,節約,money savings
kokka,国家,state country nation
kagaku,化学,chemistry
suimin,睡眠,sleep
kyoukasho,教科書,textbook
abura,油,oil
doku,毒,poison evil influence ill will
tani,単位,unit credit in units of
joushiki,常識,common sense knowledge
yuubin,郵便,mail postal service post
zaseki,座席,seat
un,運,fortune luck
roudou,労働,manual labor toil work
tanjou,誕生,birth creation formation
kaji,家事,housework chores
shitsugyou,失業,unemployment losing ones job
shokuyoku,食欲,appetite for food
gakushuu,学習,learning study
kankou,観光,sightseeing tourism sight see
suuji,数字,numeral figure digit
moufu,毛布,blanket
bunseki,分析,analysis
konyaku,婚約,engagement betrothal
buki,武器,weapon weapons arms
shuto,首都,capital city
tetsu,鉄,iron
sabaku,砂漠,desert
shosai,書斎,study library den home office
inyou,引用,quotation citation reference
ijou,異常,strangeness abnormality disorder
shita,舌,tongue
kantoku,監督,supervision control direction manager
ichi,位置,place situation position location
hari,針,needle pin hooke thorn
warai,笑い,laugh laughter smile
shunkan,瞬間,moment second instant
kouka,硬貨,coin
sokudo,速度,speed velocity pace rate
taishou,対象,target object subject
zetsumetsu,絶滅,extinction extermination eradication
kankaku,感覚,sense sensation feeling intuition
hakushu,拍手,clapping hands applause
yosan,予算,estimate budget
matsuri,祭り,festival feast
gyaku,逆,reverse opposite
shougakukin,奨学金,scholarship stipend
kokuban,黒板,black board blackboard
busshitsu,物質,material substance
hihyou,批評,criticism critique review commentary
antei,安定,stability steadiness equilibrium
nougyou,農業,agriculture
tani,谷,valley
dokushin,独身,single unmarried
sekitan,石炭,coal
doro,泥,mud slush dirt thief
nouka,農家,farmer farming family
gikai,議会,congress parliament
su,巣,nest den hive breeding place
kenchiku,建築,construction architecture
tairiku,大陸,continent
katsuyou,活用,practical use application
chiji,知事,governor
taion,体温,body temperature
hizuke,日付,date dating
kyuushuu,吸収,absorption suction attraction
shinkou,信仰,faith belief creed
kinyuu,金融,finance financing
shouhi,消費,consumption spending
daijin,大臣,cabinet minister
gaikou,外交,diplomacy
tsubasa,翼,wing wings
gakki,学期,semester school term
eigyou,営業,business trade operations sales
risou,理想,ideal ideals
kinniku,筋肉,muscle
jinshu,人種,race of people
kasai,火災,fire conflagration
genjou,現状,present condition status quo
kaiga,絵画,painting picture
hara,腹,belly abdomen stomach
ita,板,board plank sheet of metal pane cutting board
sagyou,作業,work operation manufacturing
kumiai,組合,association union guild
akuma,悪魔,devil demon fiend
takara,宝,treasure
dentou,伝統,tradition convention
shokuhin,食品,food products
hata,旗,flag
genshou,現象,phenomenon
koibito,恋人,lover sweetheart boyfriend girlfriend
kishi,岸,bank coast shore
ondo,温度,temperature
kokyuu,呼吸,breathing respiration knack trick
tozan,登山,mountain climbing
kossetsu,骨折,bone fracture
hadaka,裸,naked nakedness nudity bareness
kenpou,憲法,constitution
tsuyu,梅雨,rainy season
chinou,知能,intelligence intellect brains
oni,鬼,demon deceased spirit
dairi,代理,representation agency prox attorney acting
koukuu,航空,aviation flying
juutai,渋滞,traffic congestion delay stagnation
souzoku,相続,succession inheritance
gin,銀,silver
taishi,大使,ambassador
obentou,お弁当,obento bento box lunch
hodou,歩道,foothpath walkway sidewalk
eiyou,栄養,nutrition nourishment
moyou,模様,pattern figure design state condition
eisei,衛星,satellite moon
menkyo,免許,license permit certificate
kaikei,会計,bill check accounting finance
haka,墓,grave gravesite tomb
giin,議員,member of an assembly diet parliament congress
kan,缶,can tin
chika,地下,underground below the ground
suji,筋,muscle tendor sinew vein artery
doutoku,道徳,morals morality
fue,笛,flute pipe whistle
sabetsu,差別,distinction differentiation discrimination
kokugo,国語,national language
wan,湾,bay gulf inlet
taiiku,体育,physical education pe gym
mame,豆,beans bean legume pea
orei,お礼,thanks gratitude
fude,筆,writing brush paintbrush pen
ku,句,section sentence phrase passage
sakkyoku,作曲,composition music setting
katana,刀,sword katana
miyage,土産,souvenir
ocha,お茶,tea
me,芽,sprout shoot bud
kona,粉,flour meal powder dust
awa,泡,bubble foam froth head on beer
denshi,電子,electron electronic
nettai,熱帯,tropics
okashi,お菓子,sweets candy
ume,梅,japanese apricot plum
meshi,飯(male),cooked steamed rice meal male language
nou,能,talent gift function
tsuki,月(tsuki),moon month
baka,ばか,idiot moron fool
shibashiba,しばしば,often again and again repeatedly
nagareru,流れる,to stream flow run be washed away
anki,暗記,memorization learning by heart
usagi,兎,rabbit bunny hare
nezumi,鼠,mouse rat
hoo,頬,cheek of face
hiza,膝,knee knees
esa,餌,animal feed fodder pet food bait
ryou,量,quantity amount
bakudai,莫大,vast huge immense enormous colossal
shiki,式,equation formula expression ceremony
himo,紐,string cord pimp conidtions
rensou,連想,association of ideas suggestion
chiheisen,地平線,horizon
ba,場,place spot space field
doushi,動詞,verb
sode,袖,sleeve
hai,灰,ash ashes
byou,秒,seconds second s
ken,県,prefecture county
obi,帯,belt obi kimono sash paper wrapper
aru,ある,to be exist live have
to,と,and if when with
gaishutsu,がいしゅつ,going out leaving
touji,当時,at that time in those days
annai,案内,guidance leading the way showing
chihou,地方,district region area countryside rural
ippou,一方,one on the other hand whereas although
hatten,発展,development growth expansion
futago,双子,twin twins
dantai,団体,group party team organization
yonaka,夜中,middle of the night dead of night
chuuou,中央,center middle heart capital city
kyoudou,共同,doing together sharing common
toori,通り,street way road coming and going
hokori,ほこり,dust
nichi,日(nichi),sunday day counter
koto,事,thing matter incident circumstances
yo-roppa,ヨーロッパ,europe
karera,彼ら,they them males
wareware,我々,we
hou,方(method),direction way side type method
seikou,成功,success hit
shiri,尻,butt behind bottom
shuppatsu,出発,departure
okoru,起こる,to occur happen
kangae,考え,thinking though view opinion idea
nanimo,何も,not anything nothing at all
yuujin,友人,friend
doryoku,努力,effort exertion endeavour hard work
oeru,終える,to finish graduate
mottomo,最も,most extremely
subarashii,素晴らしい,great wonderful splendid magnificent
unten,運転,driving operation of a machine operating
juuyou,重要,important momentous essential major
tasukeru,助ける,to save rescue help
shiawase,幸せ,happiness good fortune luck
shinpai,心配,worry concern anxiety uneasiness fear
kanjiru,感じる,to feel sense experience
teian,提案,proposal proposition suggestion
shusseki,出席,attendance presence appearance
tanin,他人,other people others strangers
izen,以前,ago since before previous
kachi,価値,value worth merit
machigai,間違い,mistake error blunder
totsuzen,突然,sudden abrupt unexpected
sansei,賛成,agree agreement approval support favor
roujin,老人,old person senior elderly
aisuru,愛する,to love
manzoku,満足,satisfaction contentment gratification
shi,氏,mr mrs ms miss clan
mamoru,守る,to protect guard defend
ushinau,失う,to lose miss concede
tada,ただ,ordinary common usual only merely just but however
kudasaru,くださる,to give confer bestow kindly do
houhou,方法,method process manner way means
muda,無駄,futility waste uselessness pointlessness
enjo,援助,assistance aid support
goukaku,合格,passing exam success eligibility
yurusu,許す,to forgive to allow
sewa,世話,care looking after help assistance aid
kaigou,会合,meeting assembly gathering association
jiken,事件,event affair incident trouble plot
omae,お前,you
giron,議論,argument discussion dispute controversy
konnan,困難,difficulty hardship trouble distress
kesshin,決心,determination resolution
youkyuu,要求,demand firm request requisition requirement
dame,だめ,no good useless broken hopeless cannot must not
nenkan,年間,period of a year during an era
uketoru,受け取る,to receive get accept take
kyuuka,休暇,holiday day off absence
kekkyoku,結局,after all in the end ultimately eventually
sonkei,尊敬,respect esteem reverence honor
hageshii,激しい,severe intense violent extreme
ooini,大いに,very much greatly a lot of
junbi,準備,preparation arragements setup getting ready
zenzen,全然,not at all in the slightest entirely totally
arawareru,現れる,to appear to emerge become visible
sanka,参加,participation joining entry
taizai,滞在,stay sojourn
atsukau,扱う,to deal with a person to handle take care of
jikkou,実行,execution of a plan carrying out realization
hanareru,離れる,to leave be separated apart
mazushii,貧しい,poor needy
idai,偉大,great greatness grand magnificent
nozomu,望む,to want desire wish for
shuuri,修理,repair mending fixing servicing
ayamari,誤り,error mistake slip bug
kansha,感謝,gratitude thanks
mokuteki,目的,purpose goal aim objective
shimesu,示す,to show demonstrate display tell
kyoushi,教師,classroom teacher
ninki,人気,popularity public favor
zenin,全員,everyone all members hands everybody
aite,相手,partner companion company
shoutai,招待,invitation
damaru,黙る,shutup to be silent say nothing
kanzen,完全,perfect complete
deau,出会う,to meet by chance run across encounter
atari,辺り,around nearby vicinity neighborhood
jissai,実際,reality actuality truth fact
joudan,冗談,joke jest funny story
kashu,歌手,singer
nouryoku,能力,ability competence
sainou,才能,talent ability
teki,敵,enemy opponent rival adversary threat
jiman,自慢,pride boast brag
senshu,選手,athlete player
ketten,欠点,fault defect flaw weak point weakness
ittai,一体,what the hell what in the world
sarani,さらに,futhermore again after all more moreover
suteki,素敵,nice lovely wonderful great fantastic
kaifuku,回復,restoration rehabilitation recovery
nesshin,熱心,devoted enthusiastic zealous
handan,判断,judgement decision conclusion
houmon,訪問,call visit
taido,態度,attitude manner behavior
chuumon,注文,item order request demand
kyuuryou,給料,salary wages pay
sudeni,すでに,already too late
eikyou,影響,influence effect impact
kettei,決定,decision determination
shidai,次第,depends on depending  as soon as
nenrei,年齢,age years
seikaku,正確,accurate correct precise exact
shuchou,主張,claim insistence assertion opinion
tayori,便り,news tiding informations correspondence
enki,延期,postponement deferment
shinyou,信用,confidence trust faith reputation
tochi,土地,land locality lot
tabi,旅,journey travel trip
kurou,苦労,trouble hardship difficulty worry concern
shoubai,商売,trade business commerce
yorokobi,喜び,joy delight pleasure
ubau,奪う,to snatch to steal
teishutsu,提出,presentation submission
kai,回,times a time counter for occurrrences
sugata,姿,appearance shape figure
akiraka,明らか,clear obvious evident plain bright
hanashiau,話し合う,to discuss to talk together
konomu,好む,to like prefer
fusoku,不足,insufficiency deficiency shortage lack
oitsuku,追いつく,to catch up with draw level
joukyou,状況,situation circumstances state of affairs
tango,単語,word vocabularly
manichi,万一,if by some chance the worst case scenario
jama,邪魔,disturbance obstacle nuisance interruption
henka,変化,change variation alteration transformation variety
shorui,書類,document official papers
osoreru,恐れる,to fear be afraid of
saikou,最高,the best most highest maximum
koeru,越える,to cross pass over through
kouun,幸運,good luck fortune
shurui,種類,kind type sort variety
jitai,事態,situation circumstances state of affairs
shuukan,週間,week
choushi,調子,condition tone style tune mood
joutai,状態,state condition situation appearance circumstances
tokui,得意,satisfication pride ones strong point
irai,以来,since henceforth
kanarazushimo,必ずしも,not always necessarily entirely all
seichou,成長,growth development growning up
osoroshii,恐ろしい,frightening scary dreadful terrible
tayoru,頼る,to rely depend count on turn to
kakusu,隠す,to hide conceal
nokosu,残す,to leave behind save set aside
koukei,光景,scene spectacle sight view
jitsuha,実は,as a matter of fact actually
tatakau,戦う,to make war fight do battle compete
hokori,誇り,pride boast credit
tsuneni,常に,always constantly
chuushi,中止,suspension stoppage interruption
seikaku,性格,personality character nature
tassuru,達する,to reach get to arrive at
youi,容易,easy simple plain
hitokoto,一言,one word few brief comments
chii,地位,social position status
tenkou,天候,weather
tsumi,罪,crime sin wrongdoing
joukyaku,乗客,passenger
kachi,勝ち,win victory
sonaeru,備える,to furnish with provid install prepare for
tachiba,立場,position standpoint
futatabi,再び,again once more a second time
issou,一層,much more more than ever sooner
shoku,職,job work employment occupation position duties
kesseki,欠席,absence non attendance
fushigi,不思議,wonderful strange mysterious
inochi,命,life lifetime lifespan
keikou,傾向,trend tendency inclination
kankyou,環境,environment circumstances
moeru,燃える,to burn get fired up
zehi,是非,definitely certainly without fail
oou,覆う,to cover hide conceal wrap disguise
shusshin,出身,birthplace origin
kyoukyuu,供給,supply provision
shudan,手段,means way measure
kandou,感動,being deeply moved emotionally excitement passion
kotowaru,断る,to reject refuse dismiss turn down decline
fukou,不幸,unhappiness bad luck sorrow misfortune
noseru,乗せる,to place on give a ride load
senjitsu,先日,the other day a few days ago
kanji,感じ,feeling sense impression
hyougen,表現,expression presentation
tojiru,閉じる,to close shut
mushi,無視,disregarding ignoring
akari,明かり,light illumination glow gleam
kimyou,奇妙,strange odd peculiar curious
shiharau,支払う,to pay
henkou,変更,change modification alteration revision
chigai,違い,difference distinction mistake error
awaseru,合わせる,to match join together combine connect
jitsugen,実現,implementation materialization realization
seiseki,成績,grade results record marks
buji,無事,safety peace security
yatou,雇う,to hire employ
nakama,仲間,friend ally companion comrade
korosu,殺す,to kill slay murder
samazama,様々,various varied diverse all sorts
happyou,発表,presentation announcement statement publication
kyoka,許可,permission approval to permit
osoraku,おそらく,perhaps likely probably I dare say
seihin,製品,manufactured goods product
zentai,全体,entire whole entirely
kangei,歓迎,welcome reception
daibubun,大部分,for the most part majority
utagau,疑う,to doubt distrust be suspicious of suspect
toosu,通す,to stick through force through pass
souzou,想像,imagination
joyuu,女優,actress female actor
saishuu,最終,last final closing
kansei,完成,complete completion perfection perfect
ugokasu,動かす,to move shift inspire
bin,便,flight trip mail letter
keiei,経営,management administration operation
zouka,増加,increase rise growth addition
monogoto,物事,things everything
sukuu,救う,to rescue from to help out of to save
yuiitsu,唯一,the only sole unique
oudan,横断,crossing traversing
kanshin,関心,concern interest
gendai,現代,the present day age modern era
sai,際,on the occasion of circumstances
shiharai,支払い,payment
sodatsu,育つ,to grow be raised brought up
soudan,相談,consult consultation discussion asking
fujin,婦人,woman lady adult female
chokin,貯金,savings putting money aside deposit
katsudou,活動,activity action
kouryo,考慮,consideration taking into account
ou,王,king ruler
koi,恋,romantic love
geki,劇,play drama performed on stage
ketsuron,結論,conclusion
meijiru,命じる,to order command
dekigoto,出来事,incident affair happening event
jinrui,人類,mankind man human beings
miokuri,見送り,seeing one off farewell escort
wakeru,分ける,to divide split part separate
monku,文句,complaint grumbling objection
jinbutsu,人物,figure character person
sakura,桜,cherry blossom tree
kyouryoku,協力,cooperation collaboration
shokuryou,食料,food
nozomi,望み,want desire wish
shokumotsu,食物,food
hobo,ほぼ,almost roughly approximately
kuwaeru,加える,to add up sum increase
isshou,一生,whole life lifetime
kakunin,確認,confirmation verification validation validation review
aijou,愛情,love affection
shiyou,使用,use application employment
kuse,癖,habit tendency
shori,処理,processing dealing with treatment
bubun,部分,part portion section
douyou,同様,same similar just like equal
ateru,当てる,to hit expose
houkoku,報告,report information
nichiyoubi,日曜日,sunday
kanou,可能,possible potential practicable feasible
gaka,画家,painter artist
tadachini,直ちに,at once immediately right away
nagameru,眺める,to look at gaze watch stare
shinkoku,深刻,serious severe grave acute
kouka,高価,highly priced expensive valuable costly
jishin,自身,self personally oneself
yousu,様子,appearance state circumstances
senkou,専攻,major
keikoku,警告,warning advice
choujou,頂上,top summit peak
kizu,傷,wound injury cut gash chip flaw
shujutsu,手術,surgery operation procedure
ana,穴,hole opening pit
gokai,誤解,misunderstanding
fuufu,夫婦,married couple husband and wife
sasou,誘う,to invite ask take someone along
higai,被害,damage injury harm
hyouban,評判,reputation fame
shinchou,慎重,careful cautious prudent discreet
kurashi,暮らし,way of life living livelihood
kakaeru,抱える,to hold in ones arms
mochiiru,用いる,to use
juudai,重大,serious important significant
kurikaesu,繰り返す,to repeat to do something over again
hannin,犯人,criminal offender
bin,瓶,bottle jar
fujin,夫人,wife mrs madam
mokuhyou,目標,goal target aim objective
mikata,味方,allies ally friend supporter
koukan,交換,exchange interchange switching
songai,損害,damage injury loss
konkai,今回,this time now
shitashii,親しい,close familiar friendly intimate
rei,例,example custom practice habit case
kataru,語る,to talk about speak of to tell narrate
soutou,相当,equivalent to appropriate suitable befitting
hone,骨,bone
ensou,演奏,musical performance
kagiru,限る,to restrict limit confine
yononaka,世の中,society the world times
saiwai,幸い,happiness luck fortune
ryoukin,料金,fee charge fare
jouken,条件,conditions terms
naiyou,内容,content contents
retsu,列,line queue
yuunou,有能,able capable competent talented
yaburu,破る,to tear rip break
tatakai,戦い,fight battle war struggle
fujiyuu,不自由,discomfort inconvenience
yuukou,有効,valid effective
jijou,事情,circumstances conditions situation state of affairs
kazoeru,数える,to count enumerate
heru,減る,to decrease
iwaba,いわば,so to speak as it were
yaku,役,role position
teido,程度,degree amount grade standard
honmono,本物,genuine article real thing deal
tsugitsugi,次々,in succession one by one
fuman,不満,dissatisfaction discontent displeasure
shitagatte,したがって,therefore consequently accordingly
kubetsu,区別,distinction differentiation classification
mawasu,回す,to turn to spin to pass around to move to make an enemy
tokai,都会,city
shibafu,芝生,lawn grass
kichou,貴重,precious valuable
iwa,岩,rock boulder
uragiru,裏切る,to betray turn traitor to double cross
shinsen,新鮮,fresh
mendou,面倒,trouble bother difficulty
soshiki,組織,organization formation structure system
yutaka,豊か,abundant plentiful rich ample
shitsubou,失望,disappointment despair
hakaru,計る,to measure weight survey time
kyuusoku,急速,rapid progress
seizou,製造,manufacture production
kuwawaru,加わる,to be added to join
kensa,検査,inspection examination scan
nokori,残り,leftovers left over remant residue
hihan,批判,criticism judgement comment
kamau,構う,to mind to care about to be an issue
zeikin,税金,tax duty
kongo,今後,from now on hereafter
hei,塀,wall fence
genba,現場,spot scene site
tetsudai,手伝い,helper assistant help
aratana,新たな,new fresh novel
houfu,豊富,abundant plentiful rich ample
shoushou,少々,a few just a minute
yuuri,有利,advantageous favourable better stronger
hikaku,比較,comparison
kabu,株,stock share
onegai,お願い,please desire wish hope plea
kousei,構成,composition makeup construction formation
musubu,結ぶ,to tie bind link connect
iki,息,breath breathing tone mood breathe
kaiteki,快適,pleasant agreeable comfortable
hataraki,働き,work labor performance salary income
kanjou,勘定,calculation computation bill check
chokusetsu,直接,direct immediate personal firsthand
betsuni,別に,not really particularly especially
oujiru,応じる,to respond satisfy accept comply with
kuwashii,詳しい,detailed full knowing well
nigate,苦手,not good at poor
kumu,組む,to cross link unite
kaishaku,解釈,explanation interpretation
kentou,検討,consideration examination study analysis
nazo,謎,riddle puzzle enigma mystery
karu,刈る,to cut mow clip trimp
kakomu,囲む,to surround encircle enclose besiege
tomo,友,friend companion comrade pal
ou,追う,to chase run after pursue follow
tomoni,ともに,both together jointly
reisei,冷静,calmness composure coolness serenity
juyou,需要,demand request
utsu,撃つ,to shoot attack defeat
herasu,減らす,to abate decrease diminish
gai,害,injury harm evil damage
tobidasu,飛び出す,to jump out fly out run
shisou,思想,thought idea ideology
nigiru,握る,to grip clasp clutch
zettai,絶対,definitely absolutely
kakushitsu,確実,certain sure definite reliable
miryoku,魅力,attraction fascination charm appeal
sentaku,選択,choice selection option
osen,汚染,pollution contamination
tekisetsu,適切,appropriate suitable fitting apt
nayamu,悩む,to be worried troubled
kanashimu,悲しむ,to be sad mourn for regret
jiki,時期,time season period phase
sakumotsu,作物,crop crops produce
surudoi,鋭い,sharp pointed stabbing cutting stinging
chuumoku,注目,notice attention observation
touan,答案,exam paper answer sheet
kakugo,覚悟,readiness prepardness resolution resignation
shihai,支配,rule domination control
kansatsu,観察,observation survey watching
iwau,祝う,to celebrate to congratulate
furi,不利,disadvantage handicap
shuyou,主要,chief main principal major
shuui,周囲,surroundings circumference
shimai,姉妹,sisters
kyuukei,休憩,rest break
shuuchuu,集中,concentration focusing
gimon,疑問,doubt question suspicion dubiouness
sosogu,注ぐ,to pour sprinkle on flow into
okuru,贈る,to give as a gift present confer
kirau,嫌う,to hate dislike loathe
daiyou,代表,representative representation delegation type
tamesu,試す,to try attempt try out
kaeru,換える,to change replace exchange
nande,なんで,why what for
kawaisou,かわいそう,poor pathetic pitiful
haitatsu,配達,delivery
yuushuu,優秀,excellent superiority princess brilliant
konzatsu,混雑,crowded crowding jam congestion crush
junchou,順調,favorable doing well ok all right
kozutsumi,小包,parcel package
migoto,見事,splendid magnificent excellent fine
tashou,多少,a little some somewhat slightly
shomotsu,書物,book volume
konran,混乱,confusion disorder chaos
keiki,景気,business conditions the market
bunya,分野,field sphere realm division branch
ikka,一家,a family household home
shuushoku,就職,finding employment getting a job
shirushi,印,mark sign symbol emblem
tashou,多少,a little some somewhat slightly
gun,軍,army troops
eikyuu,永久,eternity permanence perpetuity
shinyuu,親友,close friend buddy
ifuku,衣服,clothes
hazusu,外す,to remove take off detach
kouen,講演,lecture address speech
nattoku,納得,consent assent agreement understanding
shugi,主義,doctrine rule principle ism
kokkai,国会,national diet legislative assembly of japan
kinyuu,記入,entry filling in out
jikoku,時刻,time the hour
tekiyou,適用,applying adoption
goukei,合計,sum total amount
shokutaku,食卓,dining table
shinchou,身長,body height
seigen,制限,limit limits restriction
taihan,大半,majority more than half most of
sonchou,尊重,respect esteem regard
shitsu,質,quality value character
omoide,思い出,memory memories recollections
nuno,布,cloth
kanri,管理,control management
modosu,戻す,to put back return restore vomit throw up
youso,要素,component factor item element member
shouchi,承知,knowledge awareness consent acceptance
kanshin,感心,admiration being impressed admirable praiseworth
kutsuu,苦痛,pain agony bitterness
kouka,効果,effectiveness effect efficacy result
hada,肌,skin
hani,範囲,extent scope range span
kawa,皮,skin hide pelt fur rind peel shell
wakare,別れ,parting separation farewell
kokufuku,克服,conquest overcoming victory over
ronsou,論争,dispute controversy debate argument
odayaka,穏やか,calm quiet gentle peaceful mild
shougai,障害,obstacle impediment hindrance handicap disability
kouken,貢献,contribution services
nendai,年代,age era period date
tameshi,試し,trial test
meikaku,明確,clear precise definite distinct
idou,移動,movement transfer migration mobile
waki,脇,armpit side flank arm pit
kamoku,科目,subject curriculum course item entry
shounin,承認,recognition acknowledgement approval consent
kinchou,緊張,tension mental strain nervousness
kinsen,金銭,money cash
kisha,記者,reporter journalist
chosha,著者,author writer
soko,底,bottom sole
tabitabi,たびたび,often again and again over and over
yousuruni,要するに,to make a long story short to put simply
keiyu,経由,going through by way of
youki,陽気,cheerful merry lively
junban,順番,turn order of things
kyoutsuu,共通,common shared mutual
hipparu,引っ張る,to pull draw string
noki,軒,eaves eave
kyodai,巨大,huge gigantic enormous
dokutoku,独特,peculiarity uniqueness characteristic
fuukei,風景,scenery scene landscape view sight
hozon,保存,preservation conservation storage saving
kikan,期間,period term interval
son,損,loss damage harm handicap
nikkou,日光,sunlight sunshine sunbeams
omimai,お見舞い,calling on someone who is ill
yachin,家賃,rent
kaishi,開始,start commencement beginning initiation
daikin,代金,price cost charge payment bill fee
douryou,同僚,colleague associate coworker
intai,引退,retirement
hattatsu,発達,development growth
kanren,関連,relation connection relevance
ishi,意思,intention wish purpose will
omowazu,思わず,unconsciously involuntarily instinctively reflexively
kousha,後者,the latter
tsukiai,付き合い,association socializing fellowship
tsuuka,通過,passing through by passage transit
gishi,技師,engineer technician
komugi,小麦,wheat
getsuyoubi,月曜日,monday
shokuryou,食糧,food provisions rations food supply
makka,真っ赤,bright red deep red flushed downright lie
seikyuu,請求,claim demand charge application request billing
ondan,温暖,warm mild temperate
oyogi,泳ぎ,swimming
danshi,男子,boy
sa,差,gap difference variation
juumin,住民,inhabitant resident citizen population
zenshin,前進,advance moving forward progress
tetsuya,徹夜,staying up all night
ouji,王子,prince
kenkai,見解,opinion point of view
gakumon,学問,study learning education discipline science
tanni,単に,simply merely only solely
hijou,非常,emergency extraordinary unusual
shitaku,支度,preparation arrangements
yosoku,予測,prediction estimation
keshou,化粧,makeup cosmetics
joshi,女子,girl
kyuujo,救助,relief aid rescue
joukyou,上京,proceeding to the capital
tanjun,単純,simple plain uncomplicated straightforward
fudan,普段,usual normal ordinary
bou,棒,stick pole rod baton
tannaru,単なる,mere simple sheer
teikou,抵抗,resistance opposition reluctance
tekido,適度,moderate proper temperate suitable
mushiba,虫歯,cavity tooth decay
igai,意外,unexpected surprising
tanjun,単純,simple plain uncomplicated straightforward
kinou,機能,function feature
nagasu,流す,to flush drain pour
inshou,印象,impression
egao,笑顔,smiling face smile
isshun,一瞬,instant moment
sousa,操作,operation management handling
tsutome,勤め,service duty business task
zensha,前者,the former
shidou,指導,guidance leadership direction
kingaku,金額,amount of money sum
taosu,倒す,to throw bring down kill defeat beat
bamen,場面,situation scene setting scenario
renzoku,連続,continuous continuation succession
kurushii,苦しい,painful difficult tough hard
myou,妙,mysterious strange odd unusual
jisshi,実施,enforcement implementation carrying out
ryougae,両替,change money exchange
shukuhaku,宿泊,accommodation lodging
funiki,雰囲気,atmosphere mood ambiance aura feel
shigeki,刺激,stimulus motivation provocation excitement
zairyou,材料,materials ingredients material
kakkou,格好,shape form figure appearance
nakaba,半ば,middle halfway midway half
sekkei,設計,plan design layout
somatsu,粗末,crude rough plain
kekkan,欠陥,defect fault flaw deformity
higeki,悲劇,tragedy tragic drama play
shibou,死亡,death mortality
seiketsu,清潔,clean hygienic sanitary
shoujou,症状,symptoms condition
genkai,限界,limit bound
tantou,担当,being in charge responsible
naka,仲,relation realtionship
seijin,成人,adult grownup
kousai,交際,company friendship association acquaintance
nyuujou,入場,entrance admission entering
shishutsu,支出,expenditure expenses
shufu,主婦,housewife homemaker
ichiji,一時,once at one time fermerly before
shingaku,進学,entering a higher level school
kakki,活気,energy liveliness
juutaku,住宅,residence housing residential building
tokuchou,特徴,characteristic feature trait
iin,委員,committee member
fusei,不正,injustice unfairness wrongdoing
noumin,農民,farmer peasant
haba,幅,width breadth latitude range
tou,党,political party fan of
shinpan,審判,judgement decision verdict sentence referee
suisen,推薦,recommendation referral endorsement
chiku,地区,district section sector
kyuugeki,急激,sudden abrupt rapid sharp drastic
irai,依頼,request commission
kiji,生地,cloth fabric material dough batter
kanryo,完了,complete completion conclusion
shiten,支店,branch office store
shuusei,修正,amendment correction revision fix update
reigi,礼儀,manners courtesy etiquette
seiri,整理,organize arragnement sorting regulation
ka,課,lesson
kakudai,拡大,magnification enlargement expansion
shikyuu,支給,provision supply payment grant
souchi,装置,equipment device installation apparatus
yakkai,厄介,trouble burden nusiance bother worry
keiji,刑事,police detective
yoki,予期,expectation assume will happen forecast
kihon,基本,basics fundamentals basis foundation
kinen,記念,commemoration celebration memory
osameru,収める,to dedicate supply store finish achieve
saitei,最低,worst least lowest minimum
honnin,本人,the person in question
setsubi,設備,equipment facilities accommodations
zenkoku,全国,the whole country
doyoubi,土曜日,saturday
hakkou,発行,publication issue
tema,手間,time labor
yomi,読み,reading
kyuu,級,class grade rank
kimari,決まり,rule regulation agreement arragnement custom habit
seishiki,正式,due form official formality
gouka,豪華,extravagant lavish opulent luxurious fancy
mukae,迎え,meeting greeting welcome
ken,券,ticket coupon certificate
chouki,長期,long term
bimyou,微妙,subtle delicate fine tricky difficult complex
tsuzuki,続き,continuation rest of next
keiji,掲示,notice bulletin post posting
toshitsuki,年月,months and years
mukai,向い,facing opposite across the street other side
suijun,水準,level standard
taiki,大気,atmosphere air
yukai,愉快,pleasant delightful enjoyable cheerful amusing happy
keii,敬意,respect honor
gogaku,語学,study of foreign languages linguistics
meiwaku,迷惑,annoying troublesome trouble bother annoyance
kyouryoku,強力,powerful strong
saiban,裁判,trial judgement
maku,幕,curtain act
hisshi,必死,frantic desperate
atsumari,集まり,gathering meeting assembly
zu,図,drawing picture diagram figure chart graph
yobou,予防,prevention precaution protection against
hikou,飛行,aviation flight flying
deai,出会い,meeting encounter rendezvous
kumi,組,class group party team lot bunch
nenjuu,年中,whole year round always all the time
sawagi,騒ぎ,uproar disturbance
sakari,盛り,height peak in season prime full swing
chi,地,eath ground land soil place
mago,孫,grandchild
riku,陸,land shore
wa,輪,ring circle loop hoop
kakari,係,charge duty official clerk connection
katagata,方々,people persons everyone ladies and gentlemen
shinri,心理,state of mind mentality
ihan,違反,violation offence
toi,問い,question query
jun,順,order turn sorting
make,負け,defeat loss discount
tsuushin,通信,correspondence communication transmission news
ikioi,勢い,force vigor energy spirit life power
chuugaku,中学,junior high school middle
jimu,事務,office work business affairs
ine,稲,rice plant
kinyoubi,金曜日,friday
no,野,plain field wild
yado,宿,lodging inn hotel
hajimari,始まり,origin beginning
tsuukou,通行,passage passing common usage
kouho,候補,candidate contender prospect pick choice candidacy
tennen,天然,nature spontaneity
nichijou,日常,everyday daily ordinary usual routine regular
kawa,革,leather
utsusu,移す,to change swap transfer infect
yohou,予報,forecast prediction
kimi,気味,sensation feeling tendency
aki,空き,space room gap emptiness vacancy opening free time
tagai,互い,each other one another
kindai,近代,present day modern time recent times
tettei,徹底,thoroughness completeness consistency
oki,沖,open sea
tsure,連れ,companion company
meijin,名人,master expert
on,恩,favor obligation debt of gratitude
jidou,自動,automatic
mokuyoubi,木曜日,thursday
dai,題,title subject topic problem question
kikan,機関,engine organ agency system
kigen,機嫌,mood humor temper spirits safety
chuu,注,annotation explanatory note comment
chuuko,中古,used second hand old
kentou,見当,guess estimate conjecture about around
makotoni,誠に,very really absolutely truly quite indeed
taba,束,bundle bunch
yome,嫁,wife bride daughter in law
tenkei,典型,type pattern model
nawa,縄,rope cord
gaku,学,learning study knowledge education
ka,可,acceptable satisfactory allowed approval vote in favor aye
kousoku,高速,high speed rapid express highway
kagen,加減,degree extent amount state
oiwai,お祝い,gift celebration congratulations present
teiki,定期,fixed period term periodic
sahou,作法,manners etiquette manner of production way of making
sankou,参考,reference consultation
izumi,泉,spring fountain
dan,段,step stair steps grade rank level
kayoubi,火曜日,tuesday
otaku,お宅,house home my place
arawa,現れ,embodiment manifestation materialization expression
kyoku,局,department office bureau
douji,同時,same time together simultaneous concurrent
fuka,不可,wrong bad improper not allowed
rai,来,next coming
oi,老い,old age aged old person
taisen,大戦,great war battle
kudari,下り,down train downhill
imani,今に,before long even now
kan,勘,preception intuition sixth sense
shoubou,消防,fire fighting department
shimau,しまう,to finish stop end close put away do accidentally
you,様,appearing looking like similar to ing
morau,もらう,to receive take accept get
subete,全て,entirely all
ikenai,いけない,wrong not good hopeless must not do
mattaku,全く,really truly entirely indeed good grief
haku,履く,to put clothes on lower body wear affix
shinjiru,信じる,to believe in
ataeru,与える,to give provide present award
fun,分,minute part portion share amount worth
goro,頃,approximate time around about
shirase,知らせ,news word tidings omen notice information
motomeru,求める,to want to wish for to seek request
eru,得る,to get obtain earn understand
mono,者,person
ureshii,嬉しい,happy glad pleased delighted
kanari,かなり,considerably fairly quite
manabu,学ぶ,to learn study take lessons in
sugosu,過ごす,to spend time pass
kurai,位,throne crown seat standing rank class grade tier
mitomeru,認める,to recognize observe notice judge admit
kizuku,気づく,to notice recognize realize become aware of
itadaku,頂く,thanks for to receive get accept eat drink
tsuini,ついに,finally at last in the end
mazu,まず,first of all firstly to begin with probably more or less
arayuru,あらゆる,all every
yoroshii,よろしい,good ok all right fine very well
kurasu,暮らす,to live get along
marude,まるで,quite entirely as if just like
suu,数(suu),several a number of quantity amount
kiniiru,気に入る,to like to be pleased with
doushitemo,どうしても,by all means no matter what
toku,解く,to untie undo unpack solve answer
shaberu,しゃべる,to talk chat chatter
mushiro,むしろ,rather better instead if anything
sugureru,優れる,to surpass outstrip excel
itsudemo,いつでも,any time always at all times whenever
chikoku,遅刻,arriving late lateness
shitagau,従う,to obey abide follow observe
tatoe,例え,example simile metaphor
kega,怪我,injury wound mistake accident
mawari,回り,around rotation round spreading
masumasu,ますます,increasingly more and more decreasingly less and less
sumimasen,すみません,excuse me im sorry thank you
arawasu,表す,to express represent reveal signify
sukoshimo,少しも,not at all a bit in the least
egaku,描く,to draw paint sketch depict
maru,丸,circle entirely whole full
noberu,述べる,to state express mention
kireru,切れる,to break snap cut split crack be injured
ataru,当たる,to hit strike touch be in contact with
kai,会,meeting assembly party gathering society
aru,ある,a certain some
mukeru,向ける,to turn towards to point
kiku,効く,to affect effect to be good for
yaku,約,approximately about promise engagement
nakanaka,なかなか,very considerably easily readily fairly quite
sakeru,避ける,to avoid
wazuka,わずか,a little few slight small only just merely
kashikoi,賢い,smart clever wise
masani,まさに,exactly surely certainly right then at that moment
tatsu,経つ,to pass elapse
mochiron,勿論,of course naturally certainly
muchuu,夢中,crazy abosorbed in devoted to trance daze dreaming
akirameru,諦める,to give up abandon hope resign oneself to
tsukamu,つかむ,to seize catch grasp understand obtain
yuka,床,floor stage
zuibun,随分,very extremely surprisingly considerably
nobasu,伸ばす,to grow long length extend reach out
kau,飼う,to own a pet rear
saru,去る,to leave go away be distant
shizumu,沈む,to sink to go under drown to feel depressed
kagayaku,輝く,to shine glitter sparkle
negau,願う,to hope desire wish
rikou,利口,clever intelligent wise bright smart
toreru,取れる,to come off be removed disappear
tataku,叩く,to strike clap knock beat tap pat
niau,似合う,to look good to suit
tamatama,たまたま,occasionally once in a while seldom accidentally
nioi,匂い,smell odor scent
oshaberi,おしゃべり,chattering talk chitchat gossip
maneku,招く,to invite ask beckon gesture to call in
ji-tto,じーっと,motionlessly still fixedly intently
waru,割る,to divide break
makaseru,任せる,leave to someone elses decision to entrust
fureru,触れる,to touch feel experience
todoku,届く,to reach to touch to get to be delivered
kotonaru,異なる,to differ vary disagree
iwayuru,いわゆる,so to speak as it is called
tokeru,解ける,to be solved resolved to loosen melt away
bun,文,sentence composition text writings
fuhei,不平,discontent dissatisfaction complaint grievance
tachiagaru,立ち上がる,to stand up get up rise recover
taishita,大した,considerable great important significant
kusaru,腐る,to rot go bad decay spoil corrode
yoroshiku,宜しく,well properly suitably best regards please
yagate,やがて,before long soon shortly almost nearly finally
ukagau,伺う,honorably hear ask inquire to be told
yagate,やがて,before long soon shortly almost nearly finally
tsuujiru,通じる,to be open to lead to communicate with flow pass
kasegu,稼ぐ,to earn to make to score
kakaru,かかる,to contract suffer from
hohoemu,微笑む,to smile
yameru,辞める,to resign retire quit leave
fukumu,含む,to contain comprise have hold include embrace
kurushimu,苦しむ,to suffer groan be worried
tane,種,seed ingredient kind material
tsumari,つまり,that is to say in other words in short
shikaru,しかる,to scold chide reprimand
chikagoro,近頃,lately recently nowadays
susumeru,勧める,to recommend advisue encourage
tonikaku,とにかく,anyhow anyway in any case
motozuku,基づく,to be based on due to originate from
semeru,責める,to accuse condemn blame criticize
sumaseru,済ませる,to finish get through with let end
iraira,いらいら,to get irritated annoyed be on edge
an,案,idea plan proposal suggestion draft
tsuku,就く,to take assume be hired ascend
men,面,face mask surface
tsukamaru,捕まる,to be caught arrested
kakeru,欠ける,to chip be chipped break off be damaged
muku,向く,to turn toward to face look
seizei,せいぜい,at the most at best
itoko,いとこ,male cousin
yokogiru,横切る,to cross traverse
umare,生まれ,birth birthplace born in
orosu,下ろす,to put take bring down drop off
kyouchou,強調,emphasis stress highlighting underscoring
korobu,転ぶ,to fall down over roll tumble
shoujiru,生じる,to produce yield cause arise
hiku,轢く,to run over with a vehicle knock down
sonomama,そのまま,without change as is immediately just after
hou,法,law act principle method
otoru,劣る,to be inferior to less good at
kakureru,隠れる,to hide be hidden conceal oneself
do,度,degree counter for occurences alcohol precentage
hoeru,吠える,to bark how roar yell cry grunt
uttaeru,訴える,to raise bring to appeal
tsunagu,つなぐ,to connect link together tie fasten restrain
furueru,震える,to shiver shake quake tremble quiver
namakeru,怠ける,to be idle slack neglect work
nobiru,伸びる,to stretch to extend to lengthen
itazura,いたずら,mischief prank trick joke jobby pastime
kooru,凍る,to freeze
hirogaru,広がる,to spread out extenth stretch reach
bassuru,罰する,to punish penalize
tamaranai,たまらない,intolerable unbearable unedurable cannot help
ainiku,あいにく,unfortunately sorry but
akiru,飽きる,to get tired of lose interest in have enough
you,酔う,to get drunk intoxicated elated
koi,濃い,deep color dark strong thick
ronjiru,論じる,to discuss talk about deal with argue
sasaeru,支える,to support prop sustain hold up defend
nozoku,除く,to remove eliminate eradicate exclude
nuku,抜く,pull out omit leave out
michiru,満ちる,to fill become full of rise
itsumademo,いつまでも,forever fod good eternally idfeinitely no matter what
majime,真面目,serious honest sover grave earnest
jikani,直に,directly in person firsthand
tekisuru,適する,to fit suit
kage,陰,shade shadow behind background
kusai,臭い,stinky smelly suspicious
moshimo,もしも,if in case supposing
furu,振る,to wave shake swing throw
toorisugiru,通り過ぎる,to go past pass by
totan,途端,just now in the act of as soon as
mane,真似,imitating copying mimicry behavior
osanai,幼い,very young little childish immature
yosu,止す,to cease desist cut it out
nodo,喉,throat
nukeru,抜ける,to come out to escape to leave exit
fusegu,防ぐ,to defend protect against prevent avert
sei,性,nature sex gender
gyougi,行儀,manners behavior
futo,不図,suddenly casually accidentally unintentionally
monooto,物音,sounds
oyoso,凡そ,about roughly approximately generally
youjin,用心,care precaution guarding caution
necchuu,熱中,being enthusiastic about
hitoshii,等しい,equal identical the same equivalent
nagame,眺め,scene view prospect outlook
sakarau,逆らう,to go against oppose defy
kinodoku,気の毒,pitiful unforunate poor miserable
toriageru,取り上げる,to pick up adopt accept
kotowaza,諺,proverb saying aphorism maxim
yuzuru,譲る,to give up hand over yield concede
hanasu,放す,to release let go set free
habuku,省く,to omit leave out exclude eliminate
joutatsu,上達,improvement advance progress
moushikomu,申し込む,to apply for propose make an application
shimeru,占める,to occupy hold account for
masu,増す,to increase grow
ichidoni,一度に,all at once
sunawachi,すなわち,that is namely
kawairashii,可愛らしい,lovely sweet
tsumeru,詰める,to stuff into jam cram pack fill plug
hitorihitori,一人一人,each individually one by one at a time
wagamama,わがまま,selfish egoist self indulgent
sonouchi,そのうち,before long soon someday sooner or later among them
satsu,札,banknote bill note paper money
choudai,頂戴,humble receiving reception getting eating having please
kuruu,狂う,to go crazy to go wrong
shinken,真剣,serious earnest real sword
shikirini,しきりに,frequently repeatedly often eagerly extremely hard
ureru,売れる,to sell well be known popular famous
nama,生,live raw uncooker fresh natural
maigo,迷子,lost child person stray
zou,象,elephant
sasu,指す,to point nominate identify
tobasu,飛ばす,to fly send flying launch
youten,要点,gist main point
kuu,食う,to eat live bite
tondemonai,とんでも無い,unthinkable absurb outrageous absolute not no way
zeitaku,贅沢,luxury extravagance lavish
itaru,至る,to arrive at reach
masaka,真逆,never certainly not by no means
hassha,発車,departure starting leaving
saichuu,最中,in the middle of midst height
inemuri,居眠り,nodding off dozing
shinseki,親戚,relative relation kin
teiryuujo,停留所,stop station
hankou,反抗,opposition resistance defiance rebellion
yobun,余分,extra excess surplus
susumeru,進める,to advance move forward
joutou,上等,superior first class excellent top quality bring it on
hanasu,離す,to separate part divide keep apart
imanimo,今にも,at any moment minute just about to
kosu,越す,to cross over go across
tsutsumi,包み,package parcel bundle
tejina,手品,magic trick conjuring sleight of hand
taira,平ら,flat level even smooth calm tranquil relaxed
aware,哀れ,pity sorrow grief misery
tsumoru,積もる,to pile up accumulate
sameru,覚める,to wake up sober up regain consciousness
ritsu,率,rate ratio proportion percentage
oyobosu,及ぼす,to exert influence to exercise to do
men,綿,cotton
yaya,稍,a little partially somewhat slightly ish
kyuu,旧,old former ex
seki,咳,cough coughing
kire,切れ,piece slice strip scrap
kiyou,器用,skillful adroit dexterious deft nimble clever
setsu,説,theory doctrine opinion view
orai,粗い,coarse rough
unaru,唸る,to groan moan hum howl roar
ooyasan,大家さん,landlord landlady
fushi,節,joint knuckle tune melody part
samasu,覚ます,to awake arouse from sleep sober up bring to senses
kansuru,関する,to concern be related
hara,原,field plain prairie wilderness
chigainai,違いない,for sure no mistaking it for certain without doubt
douka,銅貨,copper coin
itadakimasu,頂きます,thank you for the meal
shimatta,しまった,darn it dang oops oh no damn
yahari,やはり,as expected sure enough in any case
chuu,中(chuu),middle medium average
korera,これら,these
umai,上手い,skillful clever successful delicious tasty
kyuuni,急に,swiftly rapidly quickly immediately suddenly
ban,番,number
hitogomi,人ごみ,crowd of people
mochiageru,持ち上げる,to elevate raise lift up flatter
ohiru,お昼,lunch noon midday
shou,小,smallness small item
otokonohito,男の人,man
datte,だって,after all because but
nitotte,に取って,to for from the standpoint of concerning
bi-ru,ビール,beer
dorama,ドラマ,tv drama play
o-ba-,オーバー,exceeding going over beyond exaggerated
kara,空(kara),emptiness vacuum blank
go,語,word language speech
ichiba,市場,town market marketplace
kemuri,煙,smoke fumes
atai,値,price cost value worth merit
zen,善,good goodness right virtue
miyako,都(miyako),capital seat of government
hi,灯,light lamp
kan,管,pipe tube
doresu,ドレス,dress
ichi,市(ichi),market fair
suki-,スキー,skiing ski skis
bo-ru,ボール,ball bowl board
ge-mu,ゲーム,game
pikunikku,ピクニック,picnic outing
wain,ワイン,wine
su-pu,スープ,soup
bo-to,ボート,boat
kurisumasu,クリスマス,christmas
guru-pu,グループ,group
enjin,エンジン,engine
maa,まあ,just well i think come now
enerugi-,エネルギー,energy
dansu,ダンス,dance
sa-bisu,サービス,service help discount
sofa,ソファ,sofa couch
benchi,ベンチ,bench
tabi,度(tabi),time times degree
baiorin,バイオリン,violin
de-to,デート,date
chansu,チャンス,chance opportunity
toranpu,トランプ,playing card cards
yu-moa,ユーモア,humor
chi-zu,チーズ,cheese
pasupo-to,パスポート,passport
inku,インク,ink
suke-to,スケート,skating skate skates
doraibu,ドライブ,drive driving
nokku,ノック,knock knocking
pa-sento,パーセント,percent percentage
kyanpu,キャンプ,camp camping
tonneru,トンネル,tunnel
haikingu,ハイキング,hiking
yotto,ヨット,yacht
pairotto,パイロット,pilot
sutairu,スタイル,style figure build
arubamu,アルバム,album
raketto,ラケット,racket paddle
taipuraita-,タイプライター,typewriter
taoru,タオル,towel
uisuki-,ウイスキー,whiskey
aisukuri-mu,アイスクリーム,ice cream icecream
roketto,ロケット,rocket locket
tento,テント,tent
paipu,パイプ,pipe
bure-ki,ブレーキ,brake
jettoki,ジェット機,jet airplane
ko-chi,コーチ,coach
shimo,霜,frost white gray hair
beruto,ベルト,belt strap
ke-su,ケース,case
ju-su,ジュース,juice soft drink
airon,アイロン,iron
purasu,プラス,plus addition
sutando,スタンド,stands bleachers stand counter
ofisu,オフィス,office
kyaputen,キャプテン,captain
ji-nzu,ジーンズ,jeans denim
masuta-,マスター,master
pasu,パス,pass passing
ka-,カー,car
gurando,グランド,grand large
nicchuu,日中,daytime during the day
nihon,日本,japan
go-ru,ゴール,goal basket
setto,セット,set
senta-,センター,center
ma-ketto,マーケット,market
oru,居る,to be exist ing
go,後(go),after
nandemo,何でも,any anything whatever everything all
kazu,数(kazu),number
na,名,name title
yaku,訳,translation version
nantoka,何とか,something somehow anyhow
itsuka,いつか,sometime someday one day
raku,楽,easy comfrot ease relief
iki,行き,the way there outbound leg trip
ryuukou,流行,fashion trend craze fad popularity
furusato,故郷,hometown birthplace
dai,台,counter stand rack
waruguchi,悪口,slander bad mouthing insult
otagai,お互い,each other one another
seken,世間,world society people
azukeru,預ける,deposit entrust
omoni,主に,mainly primary
sei,背(sei),height stature
isshu,一種,a kind sort variety species
zei,税,tax
sue,末,end tip top
hashi,端(hashi),end tip point start
douitsu,同一,identical same equal fair
shou,章,chapter section
fuchi,縁,rim brim edge brink
tsuchi,土,earth soil dirt clay mud
wata,綿(wata),cotton plant
moto,元,origin root former ex past
mu,無,nothing naught nil zero un
jinkou,人工,artificial man made human work
gara,柄,pattern design build figure physique
mitsu,密,dense thick crowded close intimate secret
haa,はあ,yes indeed ha what huh sigh
hori,堀,moat canal ditch
youbi,曜日,day of the week
matsu,松,pine tree
jou,上(jou),from the standpoint of aboard on top of
ma,間(ma),time pause space room
nochi,のち,later afterwards future after ones death
okane,お金,money metal
kin,金(kin),gold money
kamoshirenai,かも知れない,may be might perhaps possibly
zutto,ずっと,continuously the whole time all along always
donna,どんな,what kind sort of
mi,実,fruit nut
uru,得る,to get obtain earn understand
donnani,どんなに,how much to what extent
dokoka,どこか,somewhere in some respects way
butsu,ぶつ,to hit strike beat deliver a speech
sokode,そこで,so accordingly now then therefore
sokode,そこで,so accordingly now then therefore
arigatou,ありがとう,thank you thanks
mettani,滅多に,rarely seldom
miruku,ミルク,milk
konnani,こんなに,so like this in this way
soresore,夫れ夫れ,each respectively
kaburu,被る,put on ones head wear covered with
soretomo,それとも,or or else
gakkari,がっかり,to be disappointed dejected downhearted
tsuno,角(tsuno),horn antler
achikochi,あちこち,here and there various places muddled confused
kichinto,きちんと,properly accurately exactly neatly tidily
supi-chi,スピーチ,speech
nosei,のせい,consequence outcome result blame fault
baggu,バッグ,bag
desukara,ですから,so therefore accordingly that is why
soredemo,それでも,but still and yet nevertheless even so
shina,品,article item thing goods stock
hitai,額(hitai),forehead brow
penki,ペンキ,paint
oboreru,溺れる,to be drowning in something drown sink
chanto,ちゃんと,diligently seriously properly exactly perfectly
tatta,たった,only merely but no more than
kitsui,きつい,tough hard severe demanding forceful strong
gussuri,ぐっすり,soundly sleeping fast asleep
pittari,ぴったり,tightly closely exactly precisely
nazenara,なぜなら,because the reason is if you want to know why
gomi,塵,garbage trash
sappari,さっぱり,feeling refreshed relieved neat clean
shikamo,然も,moreover futhermore nevertheless and yet
tokorode,所で,by the way even if no matter who what why
tsugu,つぐ,to pour into fill dish out
omedetou,おめでとう,congratulations well done best wishes
sate,さて,well now then
tsui,対,pair couple set
hansamu,ハンサム,handsome
memo,メモ,note memo
izure,いずれ,where which who anyway anyhow at any rate
zatto,ざっと,roughly approximately more or less briefly
suicchi,スイッチ,switch
hyou,表,chart graph figure
tappuri,たっぷり,full in plenty ample
daiya,ダイヤ,diamond diagram
bonyari,ぼんやり,dimly faintly indistinctly vaguely
konnichiha,こんにちは,hello good day afternoon
puran,プラン,plan scheme
puro,プロ,professional pro
nonbiri,のんびり,at leisure in a relaxed manner quietly peacefully
demo,デモ,demo demonstration protest
bideo,ビデオ,video
toppu,トップ,top
hasami,鋏,scissors shears clippers
ho-mu,ホーム,home platform
kuri-mu,クリーム,cream
suta-,スター,star
houbou,方々,here and there all over
pin,ピン,pin
bo-i,ボーイ,boy
kurashikku,クラシック,classical music classic classics
ton,屯,ton
maiku,マイク,mike mic microphone
tokoroga,所が,even so however still nevertheless
suku,空く,to become less crowded get empty thin out
hotoke,仏,buddha
ko-do,コード,code
ta,田,rice field
sokkuri,そっくり,all altogether entirely completely just like
irasshai,いらっしゃい,come go stay welcome
nikkori,にっこり,sweetly smiling broadly grinning
dakedo,だけど,however
daga,だが,but however yet still nevertheless
no-,ノー,no
ta,他(ta),other
mi,身,body
sakebu,叫ぶ,to shout cry scream
jojo,徐々,slow gradual calm composed
oku,奥,inner part interior back bottom
moushiwake,申し訳,apology excuse
kun,訓,lesson ones teaching
sei,正,true regular original
gutai,具体,concrete tangible material
kure,暮れ,sunset sundown nightfall dusk end
go,御,honorific polite humble prefix
idaku,抱く(idaku),hold in ones arms hug embrace
tsurai,辛い,painful bitter difficult tough hard cruel
mottomo,もっとも,but then though just reasonable
hin,品(hin),elegance grace class article item counter
haku,吐く,to vomit throw up spit up
aruiha,あるいは,or either maybe perhaps possibly
ugai,うがい,gargling rinsing ones mouth
e,柄(e),handle grip
taisuru,対する,to face be facing direct toward
bikkuri,びっくり,to be surprised frightened startled to jump
annani,あんなに,to that extent to that degree so much
gomennasai,ごめんなさい,im sorry my apologies excuse me
ken,軒(ken),counter for buildings
battari,ばったり,with a clash thud bang
en,縁(en),fate destiny relationship
kechi,ケチ,stingy stinginess miser cheapstake shabby cheap
raita-,ライター,lighter
ban,バン,bun hairstyle
sotto,率土,face of the earth
kyuu,球,sphere counter for balls
fu,不,un non negative prefix
nashi,無し,without unacceptable not alright
torakku,トラック,truck
ka-do,カード,card
sain,サイン,autograph signature sign
gurasu,グラス,glass
mama,ママ,mom mama mommy mother
bakushu,ばくしゅ,beer
